12.83,-6.49,-3.90,4.39,-3.21,-8.89,590.00,1552.00,1237.00,1029.00,1375.00
12.85,-6.69,-4.21,4.56,-3.24,-8.90,586.00,1547.00,1232.00,1040.00,1370.00
12.82,-6.60,-4.18,4.62,-3.24,-8.95,585.00,1548.00,1232.00,1033.00,1375.00
13.21,-6.53,-4.16,4.66,-3.20,-9.00,588.00,1550.00,1239.00,1038.00,1370.00
13.25,-6.74,-3.88,4.77,-3.18,-9.02,587.00,1547.00,1231.00,1040.00,1378.00
13.40,-6.77,-4.06,4.86,-3.16,-9.08,578.00,1545.00,1230.00,1019.00,1378.00
13.13,-6.78,-3.80,5.02,-3.08,-9.10,579.00,1543.00,1232.00,1023.00,1370.00
12.63,-6.71,-3.81,5.10,-3.06,-9.09,587.00,1549.00,1242.00,1038.00,1372.00
12.57,-6.73,-4.13,5.07,-3.06,-9.06,590.00,1549.00,1234.00,1034.00,1376.00
12.87,-6.44,-4.09,5.00,-3.06,-9.02,592.00,1547.00,1232.00,1037.00,1377.00


-1.04,3.29,2.35,4.25,-4.52,-7.97,592.00,1595.00,1283.00,1043.00,1390.00
-1.28,3.79,2.63,4.19,-4.71,-7.83,592.00,1599.00,1283.00,1044.00,1388.00
-1.24,3.90,2.56,4.19,-4.87,-7.71,594.00,1600.00,1262.00,1047.00,1388.00
-1.08,3.94,2.55,4.20,-5.00,-7.63,592.00,1596.00,1292.00,1051.00,1388.00
-1.18,3.90,2.80,4.23,-5.09,-7.49,591.00,1598.00,1282.00,1050.00,1387.00
-1.01,3.81,2.94,4.32,-5.17,-7.38,594.00,1599.00,1278.00,1042.00,1392.00
0.43,3.54,3.07,4.46,-5.26,-7.47,591.00,1595.00,1283.00,1051.00,1391.00
-1.30,4.50,2.86,4.45,-5.46,-7.41,590.00,1598.00,1286.00,1051.00,1391.00
-1.12,4.16,2.93,4.49,-5.57,-7.32,590.00,1603.00,1290.00,1041.00,1389.00
-1.14,3.99,3.12,4.53,-5.75,-7.22,591.00,1594.00,1284.00,1047.00,1392.00


1.04,3.79,0.41,4.82,-3.10,-8.49,592.00,1585.00,1282.00,1050.00,1393.00
1.13,3.76,0.18,4.83,-3.18,-8.44,598.00,1584.00,1286.00,1043.00,1391.00
1.13,3.81,0.27,4.83,-3.26,-8.42,592.00,1589.00,1283.00,1042.00,1389.00
1.10,4.02,-0.05,4.75,-3.31,-8.40,592.00,1584.00,1286.00,1047.00,1389.00
1.13,4.08,-0.03,4.74,-3.34,-8.41,595.00,1586.00,1290.00,1047.00,1391.00
1.14,4.06,0.05,4.72,-3.36,-8.46,594.00,1585.00,1287.00,1042.00,1391.00
1.06,4.20,-0.02,4.70,-3.37,-8.50,597.00,1595.00,1285.00,1049.00,1392.00
1.12,4.09,0.02,4.72,-3.37,-8.53,593.00,1585.00,1287.00,1049.00,1390.00
1.26,3.92,-0.10,4.72,-3.37,-8.56,593.00,1584.00,1289.00,1053.00,1387.00
1.33,3.71,-0.16,4.71,-3.36,-8.60,592.00,1582.00,1281.00,1043.00,1387.00


12.97,-6.02,-5.68,4.66,-3.13,-8.60,592.00,1550.00,1254.00,1041.00,1381.00
12.79,-6.00,-5.53,4.64,-3.14,-8.61,590.00,1545.00,1255.00,1037.00,1378.00
12.58,-5.98,-5.37,4.59,-3.14,-8.62,594.00,1547.00,1251.00,1040.00,1382.00
12.47,-5.90,-5.12,4.55,-3.14,-8.60,592.00,1546.00,1255.00,1040.00,1377.00
12.46,-5.86,-5.13,4.51,-3.13,-8.55,592.00,1546.00,1243.00,1041.00,1385.00
12.54,-5.86,-5.05,4.43,-3.11,-8.48,591.00,1552.00,1250.00,1037.00,1378.00
12.62,-5.79,-4.91,4.36,-3.10,-8.41,596.00,1550.00,1258.00,1043.00,1382.00
12.74,-5.73,-4.70,4.32,-3.07,-8.33,592.00,1550.00,1259.00,1039.00,1383.00
12.88,-5.85,-4.49,4.33,-3.08,-8.28,589.00,1552.00,1250.00,1040.00,1378.00
13.15,-5.66,-4.68,4.24,-3.05,-8.22,593.00,1552.00,1253.00,1037.00,1381.00


12.42,-2.89,-3.99,2.73,-6.39,-4.90,586.00,1550.00,1254.00,1040.00,1373.00
11.91,-5.77,-5.41,2.92,-6.43,-4.95,596.00,1547.00,1258.00,1041.00,1378.00
11.65,-6.17,-6.11,2.94,-6.27,-5.12,592.00,1552.00,1254.00,1040.00,1379.00
12.15,-6.73,-6.10,2.89,-6.08,-5.25,587.00,1546.00,1251.00,1040.00,1379.00
12.39,-7.86,-5.87,3.03,-5.92,-5.38,591.00,1551.00,1250.00,1037.00,1375.00
12.66,-8.23,-6.42,3.18,-5.70,-5.55,587.00,1535.00,1254.00,1040.00,1375.00
13.11,-8.90,-6.89,3.28,-5.37,-5.76,591.00,1547.00,1258.00,1040.00,1373.00
13.03,-9.25,-6.69,3.42,-5.16,-5.95,590.00,1552.00,1250.00,1039.00,1373.00
12.73,-9.22,-7.04,3.48,-5.01,-6.14,592.00,1552.00,1254.00,1038.00,1373.00
12.55,-9.15,-6.99,3.37,-4.94,-6.27,590.00,1552.00,1259.00,1035.00,1373.00


1.86,3.52,2.46,3.47,-6.81,-6.86,598.00,1583.00,1282.00,1042.00,1382.00
1.84,3.11,2.32,3.42,-6.84,-6.79,600.00,1584.00,1282.00,1043.00,1383.00
2.16,3.00,2.08,3.30,-6.83,-6.70,593.00,1584.00,1281.00,1043.00,1388.00
2.44,2.76,1.99,3.30,-6.73,-6.65,597.00,1587.00,1281.00,1046.00,1389.00
2.32,2.67,2.04,3.35,-6.72,-6.58,593.00,1581.00,1278.00,1049.00,1390.00
2.40,2.81,2.12,3.33,-6.71,-6.52,592.00,1584.00,1281.00,1051.00,1391.00
2.63,2.92,1.97,3.31,-6.69,-6.45,598.00,1582.00,1277.00,1049.00,1390.00
2.54,2.99,2.10,3.34,-6.64,-6.42,591.00,1585.00,1274.00,1045.00,1391.00
2.53,3.49,2.27,3.42,-6.74,-6.33,592.00,1583.00,1275.00,1047.00,1386.00
2.61,3.75,2.29,3.40,-6.83,-6.24,595.00,1584.00,1279.00,1045.00,1386.00


2.16,5.47,0.88,5.94,-1.76,-9.72,594.00,1584.00,1280.00,1047.00,1389.00
1.82,5.59,0.92,5.94,-1.84,-9.70,597.00,1583.00,1273.00,1045.00,1387.00
1.26,5.51,1.17,5.97,-1.90,-9.66,595.00,1585.00,1274.00,1048.00,1385.00
1.19,5.70,1.00,5.91,-1.94,-9.63,597.00,1584.00,1264.00,1045.00,1386.00
1.55,5.76,1.09,5.86,-1.99,-9.62,592.00,1584.00,1261.00,1049.00,1387.00
1.77,5.76,1.21,5.85,-2.03,-9.62,593.00,1585.00,1264.00,1043.00,1391.00
1.41,5.81,1.30,5.81,-2.14,-9.69,595.00,1585.00,1264.00,1043.00,1389.00
1.12,5.82,1.43,5.74,-2.24,-9.70,592.00,1584.00,1267.00,1043.00,1390.00
0.80,5.76,1.53,5.60,-2.42,-9.72,593.00,1581.00,1259.00,1040.00,1386.00
1.35,5.54,1.25,5.44,-2.50,-9.73,598.00,1584.00,1268.00,1049.00,1385.00


11.48,-6.01,-6.09,4.79,-2.08,-10.19,591.00,1552.00,1278.00,1037.00,1377.00
11.27,-6.11,-5.90,4.67,-2.13,-10.17,592.00,1552.00,1280.00,1040.00,1381.00
11.20,-6.21,-5.51,4.56,-2.16,-10.19,583.00,1553.00,1275.00,1043.00,1383.00
11.09,-6.31,-5.56,4.47,-2.19,-10.19,594.00,1555.00,1283.00,1041.00,1378.00
11.01,-6.42,-5.52,4.41,-2.17,-10.18,593.00,1552.00,1283.00,1040.00,1382.00
10.91,-6.62,-5.21,4.36,-2.17,-10.18,594.00,1554.00,1281.00,1040.00,1378.00
11.17,-6.68,-5.07,4.34,-2.20,-10.19,592.00,1553.00,1274.00,1042.00,1389.00
11.08,-6.51,-4.92,4.35,-2.24,-10.17,592.00,1557.00,1281.00,1042.00,1377.00
11.16,-6.32,-4.98,4.31,-2.29,-10.16,592.00,1557.00,1279.00,1045.00,1385.00
11.37,-6.38,-5.14,4.28,-2.33,-10.14,597.00,1558.00,1277.00,1041.00,1381.00


2.82,1.75,0.80,4.34,-3.64,-8.31,597.00,1599.00,1302.00,1050.00,1390.00
2.83,1.64,0.83,4.37,-3.63,-8.32,593.00,1595.00,1298.00,1046.00,1390.00
2.78,1.50,0.84,4.41,-3.62,-8.32,594.00,1596.00,1297.00,1052.00,1392.00
2.77,1.42,0.71,4.42,-3.62,-8.31,601.00,1599.00,1303.00,1053.00,1390.00
2.83,1.32,0.68,4.48,-3.61,-8.31,592.00,1602.00,1302.00,1049.00,1392.00
2.79,1.30,0.53,4.51,-3.60,-8.31,596.00,1587.00,1301.00,1053.00,1390.00
2.82,1.32,0.62,4.55,-3.60,-8.30,603.00,1600.00,1307.00,1051.00,1391.00
2.79,1.32,0.47,4.58,-3.58,-8.29,591.00,1598.00,1301.00,1047.00,1387.00
2.71,1.31,0.45,4.60,-3.59,-8.27,593.00,1595.00,1297.00,1053.00,1391.00
2.71,1.31,0.37,4.63,-3.60,-8.26,597.00,1595.00,1308.00,1045.00,1392.00


2.82,2.06,-0.33,4.41,-3.62,-8.32,599.00,1599.00,1311.00,1046.00,1392.00
2.89,2.11,-0.28,4.41,-3.63,-8.33,594.00,1596.00,1306.00,1053.00,1392.00
2.83,2.08,-0.28,4.41,-3.63,-8.32,594.00,1600.00,1308.00,1055.00,1389.00
2.87,2.05,-0.30,4.40,-3.63,-8.33,596.00,1593.00,1304.00,1054.00,1388.00
2.84,2.02,-0.20,4.41,-3.63,-8.33,592.00,1596.00,1315.00,1044.00,1391.00
2.88,2.05,-0.33,4.40,-3.63,-8.33,591.00,1599.00,1308.00,1047.00,1385.00
2.85,2.11,-0.31,4.41,-3.62,-8.33,597.00,1597.00,1303.00,1053.00,1392.00
2.89,2.12,-0.30,4.42,-3.62,-8.33,593.00,1594.00,1305.00,1051.00,1391.00
2.81,2.19,-0.32,4.42,-3.63,-8.33,597.00,1595.00,1313.00,1045.00,1392.00
2.85,2.19,-0.42,4.42,-3.63,-8.33,591.00,1596.00,1306.00,1053.00,1391.00


2.81,2.07,-0.36,4.40,-3.67,-8.32,604.00,1601.00,1310.00,1045.00,1392.00
2.80,2.06,-0.32,4.40,-3.67,-8.32,599.00,1599.00,1311.00,1043.00,1391.00
2.82,2.08,-0.32,4.40,-3.67,-8.32,601.00,1593.00,1303.00,1047.00,1392.00
2.78,2.10,-0.31,4.40,-3.66,-8.32,593.00,1600.00,1312.00,1045.00,1392.00
2.80,2.11,-0.35,4.40,-3.66,-8.33,599.00,1600.00,1311.00,1041.00,1392.00
2.80,2.10,-0.25,4.40,-3.66,-8.33,594.00,1595.00,1312.00,1053.00,1391.00
2.79,2.14,-0.27,4.40,-3.66,-8.33,596.00,1600.00,1307.00,1049.00,1391.00
2.79,2.10,-0.31,4.41,-3.65,-8.33,592.00,1597.00,1301.00,1052.00,1391.00
2.90,2.10,-0.29,4.41,-3.65,-8.33,595.00,1593.00,1309.00,1047.00,1392.00
2.82,2.10,-0.25,4.42,-3.65,-8.33,592.00,1599.00,1310.00,1043.00,1391.00


12.14,-4.23,-4.17,3.28,-5.73,-6.19,585.00,1534.00,1238.00,1036.00,1382.00
11.90,-4.35,-3.80,3.24,-5.72,-6.20,592.00,1547.00,1232.00,1041.00,1386.00
11.97,-4.40,-3.41,3.24,-5.73,-6.19,591.00,1547.00,1232.00,1040.00,1387.00
12.16,-4.40,-3.72,3.35,-5.76,-6.15,581.00,1542.00,1229.00,1040.00,1382.00
12.01,-4.74,-4.13,3.33,-5.75,-6.17,592.00,1535.00,1219.00,1040.00,1381.00
11.98,-4.32,-4.31,3.34,-5.73,-6.14,592.00,1549.00,1234.00,1020.00,1379.00
11.82,-4.47,-4.18,3.38,-5.71,-6.11,596.00,1543.00,1232.00,1038.00,1380.00
11.88,-4.14,-4.10,3.36,-5.76,-6.07,585.00,1535.00,1232.00,1035.00,1383.00
11.91,-4.15,-4.17,3.30,-5.77,-6.04,579.00,1533.00,1226.00,1037.00,1381.00
11.75,-4.24,-3.97,3.29,-5.82,-6.02,592.00,1534.00,1226.00,1040.00,1383.00


11.46,-3.78,-4.43,3.16,-6.11,-4.90,595.00,1554.00,1249.00,1043.00,1391.00
11.38,-3.74,-4.64,3.12,-6.13,-4.92,591.00,1555.00,1249.00,1053.00,1389.00
11.41,-3.96,-4.79,3.12,-6.06,-4.93,594.00,1554.00,1248.00,1040.00,1382.00
11.48,-4.27,-4.62,3.22,-6.00,-4.96,590.00,1555.00,1251.00,1040.00,1387.00
11.76,-4.34,-4.70,3.25,-5.94,-4.97,592.00,1555.00,1247.00,1043.00,1389.00
11.48,-4.32,-4.58,3.20,-5.97,-5.00,595.00,1555.00,1252.00,1042.00,1381.00
11.41,-4.30,-4.75,3.14,-6.00,-4.98,592.00,1551.00,1246.00,1056.00,1386.00
11.69,-4.96,-5.01,3.09,-6.02,-5.03,597.00,1552.00,1250.00,1049.00,1386.00
12.15,-5.30,-5.05,3.12,-5.98,-5.05,593.00,1552.00,1247.00,1044.00,1390.00
12.34,-5.10,-5.04,3.13,-5.96,-5.06,588.00,1553.00,1252.00,1045.00,1383.00


2.57,1.84,0.69,4.81,-3.30,-8.43,597.00,1586.00,1280.00,1051.00,1392.00
2.42,1.84,0.78,4.87,-3.30,-8.36,602.00,1584.00,1279.00,1047.00,1391.00
2.43,1.82,0.91,4.92,-3.35,-8.30,590.00,1586.00,1266.00,1054.00,1392.00
2.39,1.96,1.16,4.94,-3.42,-8.23,592.00,1584.00,1265.00,1040.00,1392.00
2.48,2.07,1.31,4.95,-3.51,-8.17,592.00,1590.00,1275.00,1046.00,1392.00
2.59,2.06,1.46,4.96,-3.57,-8.14,591.00,1590.00,1275.00,1045.00,1387.00
2.69,1.98,1.36,4.99,-3.63,-8.09,595.00,1584.00,1275.00,1051.00,1391.00
2.64,2.01,1.36,5.01,-3.67,-8.06,599.00,1591.00,1274.00,1049.00,1383.00
2.71,2.05,1.37,5.01,-3.70,-8.00,592.00,1590.00,1273.00,1051.00,1391.00
2.67,2.28,1.51,5.01,-3.70,-7.97,593.00,1587.00,1276.00,1053.00,1387.00


5.01,1.70,0.86,4.72,-0.29,-10.83,577.00,1585.00,1285.00,1045.00,1389.00
4.73,1.41,0.74,4.72,-0.31,-10.80,592.00,1583.00,1278.00,1048.00,1392.00
4.26,1.15,0.94,4.72,-0.38,-10.74,592.00,1584.00,1280.00,1049.00,1390.00
4.09,0.98,0.90,4.70,-0.45,-10.68,592.00,1585.00,1288.00,1046.00,1390.00
4.15,0.72,1.06,4.71,-0.60,-10.58,596.00,1584.00,1291.00,1049.00,1391.00
4.27,0.46,1.24,4.66,-0.71,-10.57,594.00,1582.00,1290.00,1050.00,1392.00
4.57,0.63,1.12,4.51,-0.84,-10.65,591.00,1575.00,1290.00,1051.00,1390.00
4.70,0.43,0.98,4.55,-0.84,-10.70,595.00,1583.00,1287.00,1046.00,1389.00
4.66,0.29,1.24,4.72,-0.81,-10.53,598.00,1584.00,1289.00,1050.00,1389.00
4.07,-0.17,1.61,4.76,-0.92,-10.42,585.00,1575.00,1287.00,1047.00,1390.00


13.48,-9.17,-8.24,4.32,-3.66,-8.47,593.00,1552.00,1266.00,1037.00,1383.00
13.76,-9.26,-8.45,4.37,-3.61,-8.50,590.00,1553.00,1264.00,1037.00,1377.00
13.88,-9.32,-8.27,4.42,-3.57,-8.54,591.00,1562.00,1267.00,1037.00,1379.00
13.81,-9.08,-8.30,4.43,-3.54,-8.57,592.00,1561.00,1245.00,1038.00,1379.00
13.33,-8.99,-8.04,4.46,-3.55,-8.60,589.00,1555.00,1264.00,1038.00,1382.00
13.13,-8.72,-8.07,4.45,-3.56,-8.59,592.00,1552.00,1264.00,1037.00,1385.00
12.66,-8.58,-7.60,4.52,-3.63,-8.57,590.00,1559.00,1264.00,1033.00,1385.00
12.52,-8.28,-7.88,4.48,-3.67,-8.51,588.00,1553.00,1264.00,1038.00,1377.00
12.49,-8.23,-7.57,4.49,-3.74,-8.44,595.00,1552.00,1267.00,1033.00,1382.00
12.66,-8.06,-7.64,4.47,-3.78,-8.38,592.00,1556.00,1262.00,1034.00,1378.00


14.09,-3.85,-4.05,3.63,-6.11,-6.96,592.00,1551.00,1266.00,1037.00,1390.00
13.00,-3.03,-3.40,3.74,-5.98,-7.09,585.00,1552.00,1259.00,1037.00,1386.00
12.75,-3.11,-3.39,3.84,-5.89,-6.95,592.00,1550.00,1269.00,1033.00,1388.00
11.61,-4.02,-2.45,4.19,-5.95,-6.81,592.00,1547.00,1270.00,1037.00,1387.00
13.64,-3.93,-3.00,4.41,-5.98,-6.92,587.00,1547.00,1264.00,1031.00,1385.00
10.68,-3.42,-4.64,4.47,-6.05,-6.62,594.00,1542.00,1271.00,1040.00,1389.00
12.53,-3.41,-5.21,4.47,-6.02,-6.62,594.00,1546.00,1273.00,1032.00,1386.00
11.81,-2.63,-5.45,4.40,-6.04,-6.56,591.00,1553.00,1269.00,1035.00,1381.00
11.67,-3.00,-4.34,4.59,-6.08,-6.52,586.00,1551.00,1266.00,1031.00,1391.00
11.42,-3.01,-4.69,4.77,-6.14,-6.48,592.00,1550.00,1266.00,1040.00,1389.00


3.09,1.09,1.55,4.70,-3.17,-8.24,590.00,1585.00,1292.00,1040.00,1390.00
2.84,0.95,1.44,4.56,-3.22,-8.21,594.00,1589.00,1295.00,1042.00,1391.00
2.67,0.26,1.38,4.55,-3.31,-8.26,592.00,1584.00,1297.00,1040.00,1389.00
2.49,-0.06,1.07,4.54,-3.38,-8.31,592.00,1584.00,1296.00,1042.00,1391.00
2.10,-0.12,1.03,4.55,-3.45,-8.27,592.00,1584.00,1296.00,1037.00,1388.00
2.11,-0.52,1.29,4.61,-3.57,-8.30,589.00,1588.00,1297.00,1038.00,1392.00
2.05,-0.14,1.43,4.74,-3.63,-8.30,599.00,1585.00,1303.00,1038.00,1385.00
2.09,0.45,1.74,4.82,-3.69,-8.24,593.00,1586.00,1302.00,1039.00,1387.00
1.97,0.52,1.99,4.97,-3.77,-8.22,593.00,1584.00,1300.00,1040.00,1391.00
1.81,1.02,2.07,5.06,-3.84,-8.16,592.00,1584.00,1307.00,1040.00,1387.00


12.39,-4.17,-7.28,5.98,-1.17,-10.10,592.00,1582.00,1297.00,1038.00,1389.00
12.54,-3.83,-7.87,5.81,-1.15,-10.12,589.00,1582.00,1296.00,1044.00,1387.00
11.77,-3.95,-8.52,5.67,-1.01,-10.14,586.00,1584.00,1295.00,1043.00,1389.00
11.91,-4.45,-8.09,5.71,-0.89,-10.27,590.00,1579.00,1286.00,1045.00,1389.00
12.10,-4.79,-8.09,5.72,-0.63,-10.37,590.00,1584.00,1295.00,1040.00,1389.00
12.33,-4.71,-7.59,5.79,-0.45,-10.48,589.00,1581.00,1290.00,1043.00,1393.00
11.77,-4.71,-7.36,5.78,-0.26,-10.60,591.00,1582.00,1296.00,1047.00,1391.00
11.71,-4.85,-6.47,5.81,-0.07,-10.72,592.00,1583.00,1298.00,1043.00,1389.00
12.00,-4.17,-6.24,5.84,0.05,-10.81,592.00,1584.00,1296.00,1043.00,1385.00
12.25,-4.03,-5.54,5.76,0.16,-10.90,592.00,1583.00,1295.00,1039.00,1387.00


13.08,-5.84,-6.58,4.85,-3.52,-8.43,577.00,1555.00,1274.00,1036.00,1381.00
13.32,-5.92,-6.61,4.82,-3.56,-8.37,575.00,1547.00,1271.00,1039.00,1383.00
13.60,-5.72,-6.68,4.78,-3.57,-8.35,575.00,1556.00,1282.00,1040.00,1370.00
13.72,-5.83,-6.54,4.78,-3.59,-8.32,578.00,1552.00,1269.00,1040.00,1383.00
13.77,-5.58,-6.45,4.72,-3.61,-8.27,578.00,1553.00,1269.00,1039.00,1383.00
13.82,-5.91,-6.85,4.63,-3.60,-8.25,579.00,1549.00,1271.00,1040.00,1383.00
14.24,-6.10,-7.13,4.62,-3.57,-8.23,583.00,1553.00,1277.00,1013.00,1377.00
14.62,-6.49,-7.21,4.60,-3.51,-8.25,579.00,1555.00,1275.00,1033.00,1378.00
15.04,-6.82,-7.13,4.60,-3.45,-8.32,576.00,1554.00,1266.00,1035.00,1375.00
14.60,-6.90,-7.28,4.60,-3.38,-8.36,583.00,1557.00,1270.00,1037.00,1382.00


11.15,-2.34,-4.64,2.49,-6.30,-5.69,592.00,1564.00,1290.00,1038.00,1392.00
11.29,-2.75,-4.77,2.43,-6.30,-5.72,592.00,1565.00,1297.00,1030.00,1390.00
11.01,-3.17,-4.37,2.53,-6.33,-5.74,587.00,1555.00,1287.00,1023.00,1383.00
11.33,-3.28,-4.79,2.52,-6.33,-5.79,589.00,1567.00,1296.00,1035.00,1383.00
11.33,-3.46,-5.04,2.48,-6.28,-5.79,586.00,1562.00,1287.00,1033.00,1387.00
11.44,-3.68,-4.95,2.52,-6.23,-5.80,584.00,1555.00,1290.00,1037.00,1379.00
11.70,-3.99,-5.02,2.56,-6.18,-5.82,595.00,1564.00,1295.00,1023.00,1385.00
11.58,-4.10,-5.09,2.64,-6.15,-5.83,583.00,1556.00,1286.00,1020.00,1388.00
11.73,-4.35,-5.59,2.64,-6.08,-5.89,587.00,1559.00,1284.00,1027.00,1390.00
11.48,-4.50,-5.33,2.61,-6.03,-5.88,592.00,1563.00,1287.00,1036.00,1381.00


3.92,4.71,1.84,4.82,-1.70,-10.23,591.00,1584.00,1313.00,1035.00,1385.00
3.75,4.59,1.79,4.66,-1.82,-10.22,592.00,1585.00,1314.00,1040.00,1388.00
3.79,4.56,1.80,4.51,-1.91,-10.20,592.00,1589.00,1315.00,1033.00,1389.00
3.68,4.58,1.88,4.44,-1.99,-10.17,586.00,1583.00,1313.00,1039.00,1389.00
3.72,4.67,2.02,4.43,-2.06,-10.13,590.00,1581.00,1311.00,1035.00,1389.00
3.86,4.64,1.97,4.46,-2.13,-10.09,592.00,1581.00,1315.00,1038.00,1390.00
3.99,4.55,1.83,4.50,-2.18,-10.03,590.00,1583.00,1315.00,1039.00,1391.00
4.16,4.32,1.49,4.51,-2.23,-9.99,593.00,1584.00,1322.00,1037.00,1390.00
4.05,4.25,1.37,4.52,-2.27,-9.92,590.00,1584.00,1315.00,1037.00,1391.00
4.05,4.14,1.48,4.52,-2.34,-9.85,589.00,1581.00,1321.00,1035.00,1387.00


14.28,-4.45,-6.48,4.60,-3.82,-8.25,588.00,1561.00,1272.00,1037.00,1378.00
14.34,-4.52,-6.51,4.59,-3.80,-8.26,576.00,1557.00,1265.00,1037.00,1377.00
14.42,-4.60,-6.56,4.58,-3.79,-8.26,591.00,1557.00,1263.00,1035.00,1381.00
14.42,-4.69,-6.53,4.57,-3.78,-8.27,589.00,1554.00,1267.00,1039.00,1389.00
14.37,-4.70,-6.62,4.56,-3.77,-8.29,589.00,1557.00,1259.00,1037.00,1379.00
14.37,-4.81,-6.62,4.57,-3.75,-8.31,589.00,1561.00,1266.00,1040.00,1384.00
14.36,-4.82,-6.68,4.56,-3.74,-8.34,589.00,1557.00,1267.00,1034.00,1383.00
14.29,-5.05,-6.71,4.56,-3.72,-8.38,587.00,1561.00,1275.00,1035.00,1377.00
14.28,-5.09,-6.74,4.56,-3.71,-8.41,592.00,1552.00,1269.00,1036.00,1376.00
14.17,-5.09,-6.76,4.56,-3.71,-8.44,586.00,1552.00,1273.00,1034.00,1379.00


13.86,-6.01,-7.02,4.03,-3.87,-7.88,592.00,1559.00,1259.00,1040.00,1379.00
13.70,-5.99,-7.22,4.07,-3.87,-7.92,590.00,1553.00,1257.00,1034.00,1382.00
13.40,-5.79,-7.25,4.02,-3.83,-7.92,586.00,1561.00,1254.00,1037.00,1378.00
13.21,-5.88,-7.02,4.08,-3.86,-7.91,591.00,1552.00,1264.00,1040.00,1378.00
13.14,-5.65,-7.19,4.10,-3.85,-7.86,582.00,1553.00,1264.00,1033.00,1378.00
13.10,-5.64,-7.21,4.03,-3.83,-7.81,588.00,1562.00,1264.00,1035.00,1375.00
12.76,-5.83,-6.71,4.13,-3.91,-7.78,589.00,1555.00,1263.00,1036.00,1375.00
12.46,-5.48,-6.88,4.07,-3.95,-7.75,592.00,1563.00,1261.00,1038.00,1374.00
11.99,-5.66,-6.36,4.11,-4.07,-7.72,587.00,1552.00,1266.00,1033.00,1382.00
11.96,-5.54,-6.94,4.01,-4.12,-7.69,581.00,1553.00,1258.00,1038.00,1381.00


4.07,2.05,1.91,3.90,-3.62,-8.62,592.00,1587.00,1321.00,1039.00,1391.00
3.80,2.49,2.18,3.99,-3.61,-8.58,592.00,1587.00,1324.00,1043.00,1389.00
3.85,2.55,2.23,4.11,-3.60,-8.51,592.00,1589.00,1326.00,1045.00,1391.00
3.88,2.45,1.79,4.30,-3.52,-8.45,593.00,1586.00,1322.00,1037.00,1390.00
3.97,2.53,1.47,4.48,-3.40,-8.40,592.00,1586.00,1323.00,1041.00,1389.00
4.04,2.60,1.27,4.59,-3.31,-8.37,599.00,1585.00,1323.00,1037.00,1383.00
4.01,2.72,1.29,4.63,-3.27,-8.34,587.00,1587.00,1327.00,1040.00,1387.00
3.95,2.73,1.23,4.63,-3.30,-8.30,593.00,1585.00,1328.00,1045.00,1391.00
4.05,2.53,1.24,4.63,-3.34,-8.26,593.00,1584.00,1326.00,1040.00,1390.00
4.09,2.17,1.09,4.69,-3.37,-8.23,590.00,1586.00,1318.00,1038.00,1390.00


13.10,-5.54,-6.96,5.07,-1.38,-10.43,587.00,1558.00,1281.00,1042.00,1387.00
12.73,-4.74,-9.23,4.99,-1.43,-10.53,592.00,1564.00,1282.00,1037.00,1382.00
12.58,-4.70,-8.43,4.83,-1.55,-10.64,583.00,1569.00,1285.00,1040.00,1381.00
12.73,-5.19,-8.23,4.87,-1.63,-10.68,586.00,1564.00,1280.00,1036.00,1378.00
12.59,-5.47,-8.01,4.91,-1.56,-10.65,589.00,1559.00,1289.00,1040.00,1375.00
12.50,-5.42,-8.01,4.99,-1.46,-10.59,592.00,1562.00,1283.00,1040.00,1382.00
12.30,-4.85,-8.44,5.08,-1.50,-10.56,592.00,1563.00,1288.00,1039.00,1375.00
12.16,-4.71,-8.28,5.12,-1.49,-10.50,590.00,1561.00,1293.00,1040.00,1387.00
11.82,-4.59,-7.91,5.18,-1.46,-10.38,589.00,1557.00,1286.00,1040.00,1382.00
11.54,-4.28,-7.64,5.26,-1.53,-10.29,589.00,1558.00,1284.00,1040.00,1385.00


13.41,-3.16,-5.62,4.74,-3.67,-8.09,582.00,1562.00,1264.00,1040.00,1382.00
13.59,-2.90,-5.52,4.74,-3.69,-8.03,582.00,1556.00,1263.00,1044.00,1379.00
13.58,-2.69,-5.53,4.79,-3.75,-7.98,586.00,1559.00,1282.00,1040.00,1380.00
13.65,-2.55,-5.48,4.78,-3.78,-7.93,585.00,1559.00,1269.00,1040.00,1380.00
13.84,-2.18,-5.79,4.71,-3.84,-7.89,587.00,1553.00,1252.00,1039.00,1382.00
14.07,-2.22,-5.53,4.67,-3.88,-7.88,585.00,1554.00,1271.00,1039.00,1378.00
14.39,-2.02,-5.85,4.60,-3.91,-7.86,587.00,1562.00,1264.00,1043.00,1383.00
14.46,-2.05,-5.68,4.54,-3.95,-7.88,586.00,1554.00,1264.00,1040.00,1387.00
14.71,-1.93,-5.76,4.45,-3.99,-7.91,588.00,1562.00,1269.00,1043.00,1383.00
14.77,-1.97,-5.85,4.35,-4.00,-7.92,581.00,1557.00,1264.00,1040.00,1385.00


7.77,1.22,1.27,2.58,-7.61,-6.23,592.00,1571.00,1315.00,1041.00,1392.00
8.28,0.89,0.75,2.71,-7.67,-6.35,587.00,1571.00,1310.00,1038.00,1389.00
7.77,1.89,-0.28,2.26,-8.15,-6.53,589.00,1573.00,1306.00,1041.00,1387.00
8.52,1.13,-0.45,2.42,-8.00,-6.42,592.00,1580.00,1310.00,1040.00,1385.00
8.34,0.61,0.21,2.49,-8.00,-6.42,591.00,1567.00,1311.00,1040.00,1386.00
8.03,0.45,0.40,2.55,-8.06,-6.43,587.00,1567.00,1306.00,1048.00,1389.00
8.27,0.45,0.23,2.66,-8.09,-6.37,587.00,1570.00,1307.00,1040.00,1388.00
8.37,0.28,-0.04,2.71,-8.15,-6.35,592.00,1567.00,1307.00,1042.00,1390.00
8.47,0.13,-0.28,2.63,-8.18,-6.34,584.00,1568.00,1303.00,1042.00,1387.00
8.45,-0.13,-0.23,2.64,-8.22,-6.30,592.00,1559.00,1298.00,1041.00,1387.00


2.02,5.26,1.78,4.64,-1.66,-9.48,592.00,1588.00,1319.00,1045.00,1391.00
1.87,5.03,2.06,4.62,-1.75,-9.50,589.00,1584.00,1323.00,1043.00,1388.00
2.06,4.76,1.93,4.54,-1.87,-9.49,588.00,1585.00,1322.00,1042.00,1385.00
1.92,4.33,1.88,4.50,-1.98,-9.47,591.00,1586.00,1323.00,1040.00,1391.00
1.88,4.13,1.61,4.40,-2.16,-9.59,589.00,1587.00,1322.00,1040.00,1390.00
2.23,4.02,0.77,4.35,-2.12,-9.65,589.00,1586.00,1323.00,1043.00,1388.00
1.70,3.29,1.20,4.54,-2.12,-9.66,592.00,1588.00,1321.00,1042.00,1392.00
1.65,3.12,1.69,4.59,-2.21,-9.65,590.00,1585.00,1322.00,1041.00,1392.00
1.09,3.17,1.97,4.59,-2.42,-9.56,591.00,1586.00,1318.00,1040.00,1387.00
1.91,3.69,1.56,4.56,-2.60,-9.49,593.00,1580.00,1324.00,1042.00,1390.00


12.48,-1.45,-6.02,5.78,-0.60,-9.64,592.00,1577.00,1306.00,1043.00,1387.00
12.16,-1.08,-5.96,5.83,-0.48,-9.63,592.00,1575.00,1309.00,1040.00,1390.00
12.10,-1.34,-5.84,5.99,-0.44,-9.66,592.00,1575.00,1308.00,1040.00,1386.00
11.94,-1.40,-6.15,6.09,-0.29,-9.66,592.00,1578.00,1310.00,1046.00,1391.00
12.27,-1.43,-5.87,6.17,-0.14,-9.66,586.00,1573.00,1308.00,1040.00,1391.00
12.14,-1.05,-5.89,6.18,-0.12,-9.65,592.00,1579.00,1305.00,1043.00,1390.00
12.08,-1.01,-5.81,6.18,-0.09,-9.66,592.00,1579.00,1307.00,1040.00,1379.00
11.98,-0.76,-5.36,6.10,-0.01,-9.60,590.00,1578.00,1307.00,1040.00,1385.00
11.68,-0.71,-5.26,6.05,-0.03,-9.58,592.00,1584.00,1309.00,1046.00,1386.00
12.19,-0.50,-5.14,5.88,0.01,-9.58,590.00,1579.00,1309.00,1040.00,1389.00


14.79,-3.45,-6.66,4.29,-3.63,-8.48,586.00,1555.00,1266.00,1045.00,1379.00
14.73,-3.49,-6.57,4.32,-3.63,-8.48,592.00,1563.00,1266.00,1035.00,1375.00
14.63,-3.51,-6.46,4.36,-3.63,-8.46,592.00,1557.00,1264.00,1040.00,1385.00
14.57,-3.50,-6.51,4.40,-3.64,-8.43,587.00,1557.00,1268.00,1040.00,1381.00
14.61,-3.47,-6.37,4.43,-3.65,-8.39,592.00,1568.00,1280.00,1037.00,1378.00
14.67,-3.50,-6.34,4.46,-3.66,-8.36,588.00,1558.00,1273.00,1049.00,1382.00
14.88,-3.42,-6.29,4.49,-3.67,-8.33,590.00,1566.00,1271.00,1045.00,1381.00
14.96,-3.43,-6.38,4.54,-3.67,-8.34,589.00,1557.00,1274.00,1040.00,1381.00
15.11,-3.38,-6.42,4.55,-3.65,-8.35,588.00,1561.00,1272.00,1040.00,1379.00
15.05,-3.42,-6.25,4.57,-3.64,-8.37,589.00,1554.00,1270.00,1040.00,1383.00


12.22,-2.09,-6.00,4.06,-5.37,-7.16,588.00,1555.00,1296.00,1037.00,1385.00
12.00,-2.20,-5.73,4.04,-5.36,-7.19,583.00,1555.00,1286.00,1036.00,1387.00
12.35,-2.05,-5.65,4.00,-5.34,-7.20,589.00,1557.00,1286.00,1045.00,1389.00
12.39,-2.44,-5.86,4.10,-5.30,-7.21,587.00,1557.00,1287.00,1040.00,1381.00
12.67,-2.07,-6.04,4.00,-5.22,-7.22,592.00,1558.00,1296.00,1040.00,1389.00
12.35,-1.91,-5.89,3.94,-5.18,-7.20,590.00,1557.00,1294.00,1040.00,1386.00
12.69,-2.07,-5.63,3.91,-5.20,-7.18,585.00,1554.00,1289.00,1043.00,1380.00
12.80,-1.86,-5.80,3.88,-5.22,-7.20,589.00,1550.00,1279.00,1040.00,1387.00
13.08,-2.19,-5.34,3.83,-5.21,-7.18,582.00,1555.00,1280.00,1040.00,1389.00
12.61,-2.00,-6.13,3.77,-5.27,-7.21,589.00,1553.00,1286.00,1045.00,1381.00


2.91,2.66,1.49,4.99,-2.16,-9.32,593.00,1586.00,1323.00,1041.00,1390.00
2.90,2.69,1.21,4.91,-2.30,-9.30,583.00,1584.00,1322.00,1047.00,1391.00
3.02,2.55,1.15,4.91,-2.37,-9.32,592.00,1587.00,1318.00,1043.00,1391.00
3.56,2.48,1.21,4.86,-2.41,-9.35,591.00,1584.00,1319.00,1043.00,1390.00
3.50,2.41,1.17,4.84,-2.50,-9.36,593.00,1586.00,1319.00,1043.00,1388.00
3.21,2.31,1.00,4.85,-2.49,-9.39,592.00,1584.00,1321.00,1049.00,1388.00
3.41,2.49,0.96,4.85,-2.49,-9.36,592.00,1584.00,1319.00,1046.00,1388.00
3.32,2.67,0.92,4.82,-2.46,-9.33,590.00,1584.00,1319.00,1039.00,1392.00
3.16,3.04,1.05,4.83,-2.43,-9.31,593.00,1584.00,1326.00,1043.00,1387.00
3.12,3.54,1.04,4.87,-2.39,-9.28,589.00,1589.00,1322.00,1043.00,1387.00


14.16,-0.81,-5.68,4.51,-3.59,-8.56,585.00,1559.00,1275.00,1043.00,1379.00
13.96,-0.68,-5.52,4.55,-3.62,-8.45,594.00,1556.00,1267.00,1040.00,1382.00
13.93,-0.56,-5.43,4.57,-3.65,-8.34,586.00,1568.00,1266.00,1041.00,1378.00
14.00,-0.41,-5.53,4.59,-3.68,-8.25,587.00,1562.00,1275.00,1043.00,1377.00
14.03,-0.39,-5.49,4.59,-3.72,-8.17,583.00,1554.00,1264.00,1042.00,1381.00
14.07,-0.34,-5.51,4.60,-3.75,-8.12,587.00,1552.00,1267.00,1041.00,1377.00
14.22,-0.26,-5.42,4.59,-3.78,-8.06,587.00,1557.00,1264.00,1042.00,1381.00
14.26,-0.21,-5.50,4.55,-3.80,-8.01,590.00,1562.00,1265.00,1056.00,1377.00
14.50,-0.30,-5.56,4.52,-3.82,-7.98,585.00,1552.00,1261.00,1045.00,1382.00
14.68,-0.31,-5.57,4.46,-3.83,-7.96,592.00,1555.00,1265.00,1046.00,1381.00


11.58,-6.28,-6.90,3.41,-6.01,-9.19,592.00,1557.00,1289.00,1039.00,1378.00
10.17,-5.74,-5.94,3.79,-5.72,-8.90,592.00,1552.00,1283.00,1037.00,1382.00
10.48,-5.45,-8.20,3.84,-5.84,-8.82,585.00,1552.00,1276.00,1040.00,1382.00
11.04,-4.58,-7.72,3.82,-5.60,-8.83,593.00,1560.00,1285.00,1035.00,1375.00
12.18,-5.42,-6.05,4.43,-5.84,-8.79,589.00,1552.00,1279.00,1037.00,1381.00
12.62,-3.84,-8.57,4.43,-5.93,-8.85,583.00,1552.00,1277.00,1035.00,1379.00
12.12,-4.38,-8.23,4.14,-5.70,-8.58,592.00,1552.00,1281.00,1040.00,1381.00
12.24,-5.19,-7.78,4.23,-5.63,-8.53,589.00,1557.00,1283.00,1040.00,1376.00
12.23,-4.76,-7.78,4.39,-5.67,-8.46,592.00,1561.00,1286.00,1038.00,1381.00
12.30,-4.17,-9.13,4.32,-5.61,-8.41,589.00,1552.00,1282.00,1035.00,1382.00


0.99,6.62,4.32,4.34,-6.06,-6.95,594.00,1585.00,1325.00,1040.00,1389.00
1.45,6.14,3.99,4.23,-6.22,-6.93,592.00,1584.00,1322.00,1049.00,1387.00
1.44,6.00,3.88,4.13,-6.45,-6.94,596.00,1584.00,1322.00,1045.00,1390.00
1.66,6.09,3.50,3.96,-6.58,-6.88,594.00,1584.00,1319.00,1046.00,1390.00
1.91,5.77,3.41,3.87,-6.69,-6.79,591.00,1587.00,1316.00,1042.00,1387.00
2.35,5.66,3.37,3.77,-6.73,-6.78,594.00,1586.00,1315.00,1044.00,1388.00
2.54,5.48,3.25,3.70,-6.76,-6.78,594.00,1591.00,1322.00,1044.00,1382.00
2.78,5.07,2.81,3.63,-6.74,-6.73,594.00,1589.00,1318.00,1040.00,1389.00
2.89,4.72,2.80,3.62,-6.72,-6.69,594.00,1585.00,1315.00,1043.00,1387.00
3.07,4.43,2.69,3.55,-6.74,-6.65,590.00,1585.00,1315.00,1042.00,1389.00


4.64,3.99,2.03,4.38,-0.31,-10.21,591.00,1586.00,1324.00,1044.00,1391.00
4.44,3.91,2.16,4.28,-0.30,-10.13,592.00,1584.00,1327.00,1040.00,1387.00
4.24,3.84,2.09,4.22,-0.32,-10.05,592.00,1586.00,1326.00,1042.00,1386.00
3.83,3.89,2.23,4.21,-0.33,-9.97,592.00,1584.00,1321.00,1045.00,1390.00
3.72,3.99,2.62,4.31,-0.42,-9.87,593.00,1589.00,1323.00,1047.00,1388.00
3.26,4.30,2.62,4.36,-0.56,-9.76,590.00,1590.00,1321.00,1042.00,1390.00
3.35,4.53,2.85,4.37,-0.76,-9.65,591.00,1585.00,1323.00,1044.00,1391.00
3.15,4.38,2.62,4.36,-0.96,-9.54,592.00,1585.00,1323.00,1043.00,1377.00
3.25,4.16,2.47,4.38,-1.15,-9.47,591.00,1585.00,1326.00,1043.00,1389.00
3.21,3.99,2.37,4.40,-1.34,-9.42,594.00,1581.00,1319.00,1044.00,1390.00


14.38,-4.94,-7.42,4.50,-3.56,-8.51,589.00,1563.00,1269.00,1045.00,1383.00
14.31,-4.96,-7.32,4.48,-3.59,-8.49,583.00,1566.00,1277.00,1041.00,1381.00
14.33,-4.90,-7.34,4.48,-3.62,-8.46,586.00,1563.00,1275.00,1044.00,1379.00
14.24,-4.94,-7.28,4.50,-3.65,-8.44,586.00,1562.00,1273.00,1042.00,1383.00
14.30,-4.82,-7.28,4.50,-3.67,-8.41,592.00,1562.00,1276.00,1040.00,1378.00
14.45,-4.78,-7.28,4.51,-3.68,-8.39,589.00,1552.00,1276.00,1046.00,1380.00
14.45,-4.89,-7.30,4.51,-3.70,-8.38,589.00,1564.00,1275.00,1040.00,1379.00
14.52,-4.82,-7.31,4.52,-3.72,-8.38,592.00,1562.00,1278.00,1049.00,1377.00
14.62,-4.94,-7.34,4.52,-3.71,-8.38,591.00,1562.00,1274.00,1047.00,1383.00
14.64,-4.91,-7.49,4.52,-3.72,-8.38,590.00,1559.00,1271.00,1047.00,1382.00


13.37,-3.50,-5.75,2.81,-4.76,-7.56,592.00,1550.00,1294.00,1035.00,1381.00
13.37,-3.54,-5.92,2.86,-4.72,-7.56,592.00,1552.00,1291.00,1041.00,1379.00
13.69,-3.59,-6.32,2.95,-4.69,-7.53,589.00,1555.00,1293.00,1045.00,1378.00
13.28,-3.39,-6.41,3.00,-4.64,-7.54,588.00,1554.00,1295.00,1044.00,1378.00
13.30,-3.39,-6.61,3.02,-4.56,-7.52,592.00,1557.00,1296.00,1042.00,1381.00
13.24,-3.49,-6.42,3.05,-4.54,-7.51,585.00,1563.00,1300.00,1037.00,1377.00
13.24,-3.26,-6.31,3.14,-4.54,-7.48,592.00,1558.00,1293.00,1040.00,1379.00
13.32,-3.25,-6.73,3.05,-4.47,-7.41,591.00,1557.00,1296.00,1039.00,1377.00
13.36,-3.32,-6.29,3.02,-4.48,-7.34,589.00,1558.00,1290.00,1039.00,1383.00
13.13,-3.27,-6.25,3.05,-4.51,-7.32,583.00,1548.00,1293.00,1040.00,1382.00


2.80,1.55,1.91,4.91,-4.15,-7.70,595.00,1590.00,1324.00,1041.00,1390.00
2.67,1.83,2.10,5.00,-4.17,-7.62,591.00,1584.00,1326.00,1046.00,1390.00
2.64,2.07,2.28,5.05,-4.23,-7.56,592.00,1586.00,1323.00,1052.00,1390.00
2.52,2.41,2.43,5.09,-4.30,-7.51,594.00,1590.00,1325.00,1049.00,1390.00
2.36,2.46,2.49,5.13,-4.41,-7.47,595.00,1584.00,1323.00,1042.00,1392.00
2.49,2.97,2.20,5.19,-4.46,-7.40,592.00,1594.00,1321.00,1041.00,1389.00
2.57,3.22,2.21,5.26,-4.49,-7.34,590.00,1584.00,1324.00,1047.00,1392.00
2.59,3.56,2.39,5.31,-4.55,-7.31,594.00,1587.00,1323.00,1047.00,1389.00
2.33,4.05,2.49,5.32,-4.63,-7.24,596.00,1587.00,1324.00,1047.00,1392.00
2.35,4.27,2.70,5.28,-4.73,-7.19,592.00,1589.00,1327.00,1046.00,1391.00


12.65,-0.59,-4.63,6.03,-0.48,-10.22,587.00,1578.00,1311.00,1043.00,1389.00
12.30,-0.49,-4.39,6.13,-0.39,-10.22,592.00,1584.00,1315.00,1046.00,1391.00
12.17,-0.48,-4.63,6.15,-0.41,-10.24,586.00,1582.00,1309.00,1046.00,1390.00
12.35,-0.42,-4.88,6.26,-0.29,-10.27,587.00,1580.00,1311.00,1051.00,1393.00
12.11,-0.15,-4.51,6.34,-0.16,-10.24,589.00,1580.00,1312.00,1047.00,1392.00
11.98,-0.28,-4.34,6.38,-0.06,-10.28,592.00,1574.00,1312.00,1052.00,1387.00
11.62,-0.33,-4.18,6.51,-0.05,-10.26,592.00,1579.00,1317.00,1050.00,1389.00
11.26,-0.37,-4.55,6.48,0.00,-10.26,587.00,1581.00,1311.00,1052.00,1391.00
11.42,-0.68,-4.72,6.39,0.05,-10.34,591.00,1577.00,1315.00,1054.00,1386.00
11.43,-0.11,-4.52,6.33,0.13,-10.37,590.00,1586.00,1317.00,1047.00,1385.00


14.60,-3.03,-7.03,4.47,-3.74,-8.34,592.00,1561.00,1264.00,1045.00,1383.00
14.58,-3.01,-6.97,4.44,-3.74,-8.37,587.00,1563.00,1261.00,1043.00,1382.00
14.51,-3.01,-6.98,4.42,-3.74,-8.40,591.00,1557.00,1259.00,1049.00,1386.00
14.45,-2.98,-6.96,4.40,-3.72,-8.42,587.00,1554.00,1255.00,1051.00,1385.00
14.49,-2.98,-7.02,4.40,-3.71,-8.44,590.00,1553.00,1265.00,1051.00,1379.00
14.58,-3.00,-7.07,4.43,-3.68,-8.46,588.00,1559.00,1263.00,1047.00,1386.00
14.58,-2.98,-7.13,4.42,-3.64,-8.48,592.00,1557.00,1263.00,1046.00,1388.00
14.72,-2.98,-7.11,4.40,-3.61,-8.50,590.00,1561.00,1266.00,1050.00,1383.00
14.84,-2.98,-7.02,4.41,-3.56,-8.53,587.00,1565.00,1264.00,1049.00,1392.00
14.53,-2.92,-6.96,4.45,-3.49,-8.52,582.00,1552.00,1261.00,1050.00,1385.00


14.74,-5.11,-7.71,4.61,-3.09,-8.99,579.00,1558.00,1281.00,1045.00,1385.00
14.52,-4.88,-7.84,4.64,-3.09,-8.98,585.00,1561.00,1289.00,1041.00,1379.00
14.30,-4.83,-7.73,4.67,-3.11,-8.97,582.00,1561.00,1292.00,1046.00,1382.00
14.13,-4.75,-7.58,4.74,-3.13,-8.94,589.00,1566.00,1286.00,1041.00,1382.00
13.97,-4.64,-7.42,4.81,-3.17,-8.89,583.00,1565.00,1291.00,1045.00,1383.00
13.72,-4.38,-7.03,4.85,-3.25,-8.81,587.00,1563.00,1289.00,1043.00,1383.00
13.48,-4.17,-6.82,4.87,-3.35,-8.72,589.00,1565.00,1280.00,1040.00,1379.00
13.23,-3.74,-6.72,4.87,-3.44,-8.61,592.00,1562.00,1283.00,1045.00,1379.00
13.19,-3.39,-6.73,4.87,-3.51,-8.50,588.00,1565.00,1282.00,1045.00,1382.00
13.30,-3.26,-6.70,4.87,-3.58,-8.40,590.00,1565.00,1287.00,1045.00,1379.00


13.26,-8.67,-7.38,2.63,-4.18,-7.96,591.00,1556.00,1282.00,1039.00,1385.00
13.24,-8.58,-7.24,2.83,-4.07,-8.22,577.00,1552.00,1290.00,1042.00,1385.00
13.10,-8.84,-7.47,3.02,-4.00,-8.46,585.00,1557.00,1290.00,1043.00,1377.00
12.90,-8.77,-7.37,3.14,-3.93,-8.64,589.00,1554.00,1287.00,1040.00,1379.00
12.73,-8.91,-7.45,3.37,-3.90,-8.78,588.00,1555.00,1286.00,1045.00,1384.00
12.23,-9.14,-7.57,3.53,-3.86,-8.90,582.00,1554.00,1283.00,1039.00,1380.00
12.26,-9.00,-7.34,3.67,-3.85,-8.94,583.00,1555.00,1283.00,1043.00,1383.00
12.14,-9.05,-7.30,3.82,-3.86,-8.89,588.00,1559.00,1283.00,1040.00,1377.00
12.41,-9.18,-7.40,3.89,-3.86,-8.83,579.00,1554.00,1283.00,1043.00,1379.00
12.37,-8.98,-7.27,3.94,-3.83,-8.73,591.00,1552.00,1292.00,1040.00,1377.00


2.51,3.18,1.58,5.06,-4.48,-7.37,592.00,1585.00,1308.00,1040.00,1391.00
2.43,3.64,1.70,5.04,-4.58,-7.30,592.00,1584.00,1314.00,1040.00,1391.00
2.32,3.96,1.93,4.97,-4.71,-7.27,592.00,1589.00,1311.00,1040.00,1388.00
2.22,4.25,2.08,4.89,-4.86,-7.24,592.00,1589.00,1310.00,1040.00,1385.00
2.30,4.56,2.20,4.84,-5.00,-7.21,592.00,1588.00,1310.00,1037.00,1383.00
2.24,4.79,2.20,4.81,-5.13,-7.18,591.00,1587.00,1314.00,1040.00,1391.00
2.29,5.09,2.00,4.71,-5.26,-7.16,586.00,1588.00,1312.00,1039.00,1383.00
2.44,5.17,1.88,4.60,-5.37,-7.14,592.00,1585.00,1312.00,1035.00,1387.00
2.58,5.24,2.02,4.53,-5.49,-7.12,592.00,1579.00,1310.00,1040.00,1388.00
2.67,5.30,2.08,4.46,-5.64,-7.12,592.00,1581.00,1315.00,1037.00,1386.00


13.80,-2.50,-4.20,4.82,-2.95,-8.66,591.00,1584.00,1325.00,1042.00,1391.00
13.88,-2.30,-4.16,4.68,-2.97,-8.61,590.00,1585.00,1319.00,1040.00,1388.00
13.88,-2.31,-4.22,4.69,-2.95,-8.56,592.00,1582.00,1315.00,1040.00,1390.00
13.96,-2.54,-3.74,4.64,-3.01,-8.53,588.00,1584.00,1318.00,1036.00,1389.00
13.83,-2.53,-4.00,4.57,-3.07,-8.49,593.00,1585.00,1317.00,1040.00,1392.00
13.79,-2.50,-4.21,4.52,-3.07,-8.48,589.00,1584.00,1317.00,1040.00,1390.00
13.89,-2.68,-3.82,4.50,-3.08,-8.46,588.00,1585.00,1317.00,1040.00,1388.00
13.92,-2.46,-4.08,4.48,-3.11,-8.47,593.00,1584.00,1315.00,1039.00,1390.00
13.97,-2.52,-4.40,4.48,-3.09,-8.46,592.00,1584.00,1317.00,1040.00,1392.00
13.84,-2.73,-4.27,4.49,-3.10,-8.48,591.00,1586.00,1319.00,1039.00,1391.00


13.42,-2.38,-3.58,5.10,-3.74,-8.16,592.00,1584.00,1330.00,1046.00,1392.00
13.42,-2.29,-3.74,5.03,-3.71,-8.15,591.00,1591.00,1333.00,1045.00,1389.00
13.32,-2.30,-3.59,4.96,-3.69,-8.16,601.00,1593.00,1328.00,1042.00,1390.00
13.31,-2.33,-3.73,4.94,-3.65,-8.17,592.00,1597.00,1330.00,1041.00,1391.00
13.30,-2.38,-3.81,4.94,-3.62,-8.17,591.00,1585.00,1328.00,1040.00,1392.00
13.24,-2.29,-3.84,4.90,-3.60,-8.17,589.00,1599.00,1329.00,1040.00,1391.00
13.28,-2.27,-3.84,4.88,-3.60,-8.18,592.00,1591.00,1333.00,1045.00,1391.00
13.20,-2.16,-3.79,4.84,-3.59,-8.17,592.00,1593.00,1332.00,1043.00,1391.00
13.17,-2.04,-3.65,4.79,-3.58,-8.17,595.00,1593.00,1331.00,1040.00,1392.00
13.16,-1.92,-3.58,4.74,-3.60,-8.17,592.00,1588.00,1329.00,1045.00,1387.00


7.55,-1.59,-2.00,5.58,-0.59,-10.65,593.00,1598.00,1315.00,1040.00,1392.00
7.05,-1.73,-1.61,5.60,-0.59,-10.55,592.00,1595.00,1317.00,1044.00,1389.00
6.85,-1.36,-1.69,5.50,-0.68,-10.50,590.00,1594.00,1323.00,1047.00,1388.00
6.81,-1.14,-1.79,5.33,-0.75,-10.45,592.00,1598.00,1319.00,1042.00,1392.00
7.07,-0.97,-1.69,5.18,-0.84,-10.41,592.00,1593.00,1325.00,1045.00,1390.00
7.16,-0.91,-1.41,5.11,-0.89,-10.36,596.00,1597.00,1328.00,1043.00,1391.00
7.11,-0.63,-0.89,5.06,-0.89,-10.31,594.00,1600.00,1323.00,1043.00,1387.00
7.15,-0.13,-0.64,5.04,-0.86,-10.27,592.00,1596.00,1322.00,1040.00,1390.00
7.19,0.74,-0.26,5.07,-0.80,-10.23,587.00,1597.00,1319.00,1041.00,1390.00
7.23,1.53,-0.07,5.14,-0.74,-10.20,592.00,1595.00,1323.00,1045.00,1389.00


14.40,-5.74,-8.14,4.45,-3.78,-8.20,590.00,1555.00,1265.00,1034.00,1379.00
14.38,-6.06,-8.03,4.41,-3.75,-8.22,585.00,1552.00,1263.00,1035.00,1378.00
14.41,-6.12,-8.15,4.40,-3.74,-8.24,591.00,1565.00,1270.00,1040.00,1373.00
14.36,-6.28,-8.16,4.37,-3.72,-8.26,580.00,1553.00,1257.00,1036.00,1378.00
14.28,-6.39,-8.23,4.36,-3.70,-8.29,586.00,1559.00,1264.00,1036.00,1378.00
14.25,-6.50,-8.19,4.35,-3.69,-8.31,586.00,1552.00,1262.00,1039.00,1377.00
14.22,-6.58,-8.23,4.36,-3.67,-8.34,587.00,1553.00,1259.00,1035.00,1385.00
14.24,-6.65,-8.28,4.38,-3.65,-8.37,589.00,1556.00,1264.00,1040.00,1376.00
14.22,-6.78,-8.17,4.42,-3.62,-8.40,582.00,1552.00,1264.00,1033.00,1379.00
14.12,-6.79,-8.20,4.46,-3.59,-8.43,581.00,1543.00,1262.00,1039.00,1383.00


14.07,-7.06,-10.20,3.84,-4.27,-7.30,585.00,1555.00,1275.00,1037.00,1376.00
14.00,-6.70,-10.64,3.78,-4.18,-7.36,577.00,1552.00,1270.00,1037.00,1378.00
13.85,-6.89,-10.34,3.77,-4.11,-7.42,583.00,1551.00,1279.00,1037.00,1379.00
13.76,-6.90,-10.03,3.85,-4.11,-7.45,589.00,1552.00,1263.00,1034.00,1379.00
13.46,-7.01,-10.35,3.80,-4.07,-7.53,579.00,1555.00,1273.00,1040.00,1374.00
13.23,-7.10,-9.89,3.81,-4.05,-7.58,587.00,1557.00,1271.00,1034.00,1377.00
12.91,-7.29,-9.49,3.83,-4.08,-7.64,582.00,1552.00,1274.00,1035.00,1386.00
12.83,-7.36,-9.63,3.76,-4.09,-7.71,587.00,1554.00,1278.00,1035.00,1375.00
12.61,-7.54,-9.43,3.73,-4.10,-7.73,582.00,1552.00,1269.00,1029.00,1367.00
12.75,-7.47,-9.34,3.76,-4.13,-7.76,585.00,1555.00,1259.00,1030.00,1378.00


3.30,5.26,1.43,5.53,-5.25,-7.32,591.00,1586.00,1315.00,1045.00,1387.00
3.42,5.49,1.57,5.43,-5.33,-7.29,591.00,1587.00,1314.00,1041.00,1386.00
3.43,5.61,1.68,5.31,-5.41,-7.27,582.00,1584.00,1310.00,1046.00,1390.00
3.51,5.69,1.85,5.19,-5.52,-7.24,592.00,1587.00,1284.00,1047.00,1390.00
3.68,5.84,2.00,5.04,-5.61,-7.22,591.00,1584.00,1290.00,1044.00,1389.00
3.73,6.04,2.01,4.89,-5.70,-7.18,593.00,1587.00,1296.00,1042.00,1386.00
3.77,6.11,2.14,4.74,-5.74,-7.13,592.00,1586.00,1296.00,1040.00,1391.00
3.96,6.14,2.23,4.61,-5.86,-7.06,588.00,1593.00,1296.00,1043.00,1386.00
4.13,5.94,2.38,4.49,-5.97,-7.03,590.00,1589.00,1280.00,1041.00,1392.00
4.67,6.30,2.00,4.35,-5.99,-6.95,592.00,1584.00,1296.00,1043.00,1387.00


7.21,3.63,-0.12,4.47,-2.02,-9.50,589.00,1579.00,1315.00,1045.00,1392.00
7.13,3.37,-0.19,4.48,-1.97,-9.61,592.00,1584.00,1318.00,1040.00,1388.00
6.71,3.44,-0.16,4.49,-1.91,-9.65,591.00,1584.00,1312.00,1041.00,1389.00
6.55,3.54,-0.20,4.48,-1.96,-9.71,589.00,1584.00,1314.00,1045.00,1389.00
6.56,3.57,-0.36,4.48,-1.88,-9.74,592.00,1584.00,1313.00,1041.00,1392.00
6.41,3.64,-0.47,4.49,-1.79,-9.78,591.00,1584.00,1317.00,1043.00,1386.00
6.36,4.06,-0.11,4.49,-1.77,-9.83,593.00,1587.00,1307.00,1040.00,1390.00
6.29,4.61,0.20,4.40,-1.80,-9.84,593.00,1585.00,1322.00,1041.00,1389.00
6.23,4.64,0.20,4.32,-1.81,-9.86,592.00,1577.00,1314.00,1044.00,1386.00
6.16,4.64,0.35,4.33,-1.83,-9.85,592.00,1582.00,1321.00,1040.00,1388.00


13.51,-6.19,-7.44,4.42,-3.68,-8.49,581.00,1557.00,1264.00,1040.00,1377.00
13.51,-6.28,-7.59,4.43,-3.68,-8.51,586.00,1562.00,1256.00,1041.00,1385.00
13.48,-6.33,-7.75,4.44,-3.68,-8.53,580.00,1557.00,1265.00,1040.00,1381.00
13.57,-6.36,-7.71,4.45,-3.67,-8.55,579.00,1556.00,1264.00,1040.00,1379.00
13.55,-6.56,-7.85,4.47,-3.66,-8.58,581.00,1552.00,1271.00,1040.00,1377.00
13.58,-6.61,-7.88,4.49,-3.65,-8.62,588.00,1553.00,1269.00,1040.00,1379.00
13.59,-6.70,-7.86,4.52,-3.64,-8.64,580.00,1561.00,1262.00,1040.00,1381.00
13.64,-6.74,-7.99,4.55,-3.62,-8.68,582.00,1553.00,1264.00,1040.00,1383.00
13.54,-6.76,-8.02,4.59,-3.59,-8.71,586.00,1555.00,1265.00,1038.00,1377.00
13.59,-6.69,-8.32,4.63,-3.56,-8.73,586.00,1555.00,1266.00,1041.00,1382.00


11.99,-3.17,-5.53,3.73,-4.89,-7.29,587.00,1564.00,1282.00,1040.00,1387.00
12.06,-3.23,-5.33,3.67,-4.92,-7.24,592.00,1552.00,1283.00,1042.00,1381.00
12.06,-3.22,-5.33,3.68,-4.97,-7.18,588.00,1555.00,1289.00,1040.00,1382.00
12.10,-3.18,-5.32,3.70,-4.97,-7.10,585.00,1552.00,1283.00,1040.00,1387.00
12.11,-3.29,-5.48,3.73,-4.99,-7.06,591.00,1552.00,1287.00,1040.00,1385.00
11.93,-3.03,-5.34,3.70,-5.02,-6.99,590.00,1555.00,1280.00,1039.00,1389.00
12.22,-3.17,-5.52,3.68,-5.03,-6.93,591.00,1552.00,1280.00,1040.00,1387.00
12.71,-3.11,-5.64,3.70,-4.99,-6.85,592.00,1554.00,1286.00,1043.00,1385.00
12.70,-3.24,-5.97,3.73,-4.97,-6.81,591.00,1563.00,1281.00,1038.00,1383.00
12.73,-3.55,-6.09,3.74,-4.92,-6.80,590.00,1553.00,1284.00,1037.00,1386.00


4.00,7.60,3.08,5.52,-6.24,-6.87,593.00,1586.00,1312.00,1043.00,1389.00
4.30,7.42,2.98,5.35,-6.34,-6.81,592.00,1586.00,1315.00,1040.00,1389.00
4.51,6.98,3.01,5.19,-6.44,-6.80,591.00,1584.00,1311.00,1050.00,1389.00
4.87,6.79,3.08,5.06,-6.53,-6.78,589.00,1584.00,1313.00,1042.00,1390.00
4.95,6.66,2.93,4.95,-6.57,-6.72,591.00,1588.00,1315.00,1046.00,1391.00
4.84,6.40,2.98,4.87,-6.64,-6.64,592.00,1584.00,1315.00,1045.00,1392.00
4.87,6.23,2.98,4.83,-6.76,-6.56,590.00,1585.00,1315.00,1043.00,1388.00
5.05,6.02,2.66,4.71,-6.83,-6.50,594.00,1587.00,1314.00,1049.00,1389.00
5.03,5.91,2.40,4.55,-6.90,-6.42,591.00,1585.00,1312.00,1041.00,1389.00
5.26,5.47,2.17,4.40,-6.89,-6.36,592.00,1579.00,1317.00,1046.00,1389.00


4.67,2.90,0.44,4.70,-2.61,-9.40,589.00,1585.00,1321.00,1043.00,1390.00
4.77,2.75,0.33,4.65,-2.61,-9.45,592.00,1585.00,1325.00,1041.00,1389.00
4.68,2.55,0.12,4.62,-2.57,-9.46,592.00,1585.00,1318.00,1047.00,1390.00
4.75,2.54,-0.04,4.59,-2.55,-9.45,595.00,1585.00,1318.00,1051.00,1389.00
4.69,2.48,-0.21,4.55,-2.48,-9.43,590.00,1578.00,1322.00,1046.00,1387.00
4.77,2.55,-0.13,4.54,-2.43,-9.40,592.00,1584.00,1317.00,1045.00,1390.00
4.80,2.59,-0.08,4.55,-2.39,-9.34,587.00,1584.00,1323.00,1045.00,1388.00
4.77,2.63,-0.10,4.56,-2.36,-9.27,592.00,1586.00,1317.00,1045.00,1389.00
4.81,2.66,-0.19,4.57,-2.33,-9.20,591.00,1584.00,1316.00,1050.00,1389.00
4.69,2.74,-0.15,4.61,-2.30,-9.12,592.00,1586.00,1321.00,1042.00,1391.00


14.45,-5.89,-7.84,5.20,-3.29,-8.52,593.00,1557.00,1280.00,1039.00,1379.00
14.41,-6.01,-8.09,5.22,-3.20,-8.59,583.00,1562.00,1280.00,1040.00,1379.00
14.47,-6.21,-7.91,5.27,-3.12,-8.68,587.00,1565.00,1278.00,1038.00,1379.00
14.39,-6.18,-7.79,5.32,-3.07,-8.74,592.00,1563.00,1281.00,1037.00,1375.00
14.22,-6.20,-7.89,5.38,-3.04,-8.79,586.00,1555.00,1283.00,1040.00,1377.00
13.94,-6.01,-8.00,5.41,-2.98,-8.83,589.00,1558.00,1284.00,1040.00,1378.00
13.72,-6.06,-8.24,5.47,-2.92,-8.84,591.00,1559.00,1285.00,1040.00,1376.00
13.35,-6.01,-8.09,5.57,-2.91,-8.85,590.00,1561.00,1281.00,1041.00,1379.00
13.09,-5.79,-8.34,5.56,-2.89,-8.83,583.00,1562.00,1283.00,1040.00,1377.00
12.56,-5.88,-7.98,5.56,-2.85,-8.77,589.00,1566.00,1284.00,1043.00,1381.00


14.14,-4.60,-8.12,4.77,-3.49,-8.79,582.00,1554.00,1284.00,1040.00,1383.00
13.95,-4.32,-8.07,4.72,-3.49,-8.81,587.00,1555.00,1281.00,1046.00,1382.00
14.09,-4.46,-7.96,4.69,-3.48,-8.77,587.00,1554.00,1281.00,1040.00,1378.00
14.44,-4.81,-7.95,4.67,-3.47,-8.74,583.00,1555.00,1280.00,1040.00,1377.00
14.63,-4.98,-7.93,4.68,-3.43,-8.71,589.00,1552.00,1280.00,1040.00,1385.00
14.69,-5.08,-7.91,4.72,-3.39,-8.67,583.00,1554.00,1281.00,1040.00,1375.00
14.63,-5.13,-8.04,4.75,-3.37,-8.65,582.00,1555.00,1280.00,1043.00,1378.00
14.48,-5.24,-8.14,4.75,-3.38,-8.65,582.00,1555.00,1271.00,1040.00,1377.00
14.40,-5.18,-8.19,4.74,-3.40,-8.63,592.00,1548.00,1282.00,1041.00,1378.00
14.29,-5.19,-7.99,4.71,-3.44,-8.61,586.00,1557.00,1278.00,1040.00,1383.00


12.50,-4.98,-4.23,2.15,-5.60,-7.25,591.00,1552.00,1264.00,1040.00,1378.00
12.60,-4.74,-4.72,2.09,-5.69,-7.21,592.00,1555.00,1265.00,1029.00,1378.00
12.39,-4.25,-5.30,1.93,-5.73,-7.14,587.00,1552.00,1271.00,1038.00,1381.00
12.44,-3.73,-5.01,1.86,-5.82,-6.99,590.00,1552.00,1270.00,1034.00,1379.00
12.29,-3.54,-5.32,1.58,-5.74,-6.87,587.00,1552.00,1274.00,1035.00,1378.00
12.33,-3.67,-4.71,1.50,-5.86,-6.81,592.00,1554.00,1279.00,1040.00,1379.00
12.77,-3.93,-5.15,1.24,-5.94,-6.78,583.00,1552.00,1273.00,1035.00,1378.00
13.91,-3.91,-5.58,1.09,-5.74,-7.02,589.00,1552.00,1270.00,1035.00,1380.00
12.51,-3.36,-4.72,1.17,-5.59,-7.07,591.00,1552.00,1273.00,1030.00,1378.00
17.35,-4.71,-6.01,0.85,-5.38,-7.33,590.00,1552.00,1271.00,1040.00,1374.00


4.09,1.55,0.07,5.03,-3.98,-7.94,592.00,1588.00,1312.00,1040.00,1390.00
3.93,1.38,0.08,4.93,-4.03,-7.99,592.00,1586.00,1314.00,1045.00,1386.00
3.64,1.60,0.00,4.84,-4.09,-8.01,591.00,1586.00,1315.00,1040.00,1389.00
3.80,1.66,0.03,4.81,-4.09,-7.96,592.00,1586.00,1314.00,1044.00,1392.00
4.11,1.75,0.17,4.83,-4.09,-7.96,592.00,1589.00,1315.00,1041.00,1388.00
3.39,2.18,0.64,4.80,-4.31,-7.95,592.00,1585.00,1314.00,1043.00,1391.00
3.67,2.68,0.37,4.63,-4.35,-7.87,592.00,1585.00,1317.00,1044.00,1389.00
3.87,2.16,0.46,4.69,-4.40,-7.82,592.00,1584.00,1319.00,1044.00,1390.00
3.58,2.17,0.82,4.81,-4.51,-7.83,592.00,1587.00,1316.00,1042.00,1388.00
3.52,2.83,0.79,4.77,-4.65,-7.81,589.00,1583.00,1315.00,1042.00,1392.00


7.24,0.27,-0.42,6.13,-0.19,-11.58,592.00,1582.00,1315.00,1045.00,1387.00
6.96,0.46,-0.72,6.01,-0.20,-11.52,594.00,1584.00,1315.00,1040.00,1390.00
6.61,0.26,-0.64,5.86,-0.23,-11.43,592.00,1584.00,1315.00,1046.00,1387.00
6.01,0.16,-0.32,5.78,-0.33,-11.36,586.00,1584.00,1309.00,1041.00,1390.00
5.80,0.41,0.26,5.57,-0.49,-11.29,592.00,1587.00,1311.00,1041.00,1386.00
6.07,0.76,0.58,5.27,-0.64,-11.21,590.00,1584.00,1313.00,1042.00,1391.00
6.49,0.94,0.68,5.18,-0.71,-11.13,593.00,1584.00,1312.00,1051.00,1389.00
6.98,1.08,0.83,5.16,-0.75,-11.04,593.00,1584.00,1315.00,1042.00,1388.00
6.87,1.07,0.79,5.12,-0.78,-10.97,587.00,1586.00,1306.00,1040.00,1391.00
6.80,1.30,0.71,4.99,-0.71,-10.88,587.00,1578.00,1311.00,1041.00,1390.00


4.50,-3.66,-8.32,4.50,-3.66,-8.32,586.00,1562.00,1290.00,1040.00,1383.00
4.50,-3.66,-8.32,4.50,-3.66,-8.32,580.00,1568.00,1290.00,1041.00,1386.00
4.50,-3.66,-8.32,4.50,-3.66,-8.32,586.00,1567.00,1287.00,1040.00,1384.00
4.50,-3.66,-8.32,4.50,-3.66,-8.32,592.00,1569.00,1289.00,1043.00,1382.00
4.50,-3.66,-8.32,4.50,-3.66,-8.32,589.00,1574.00,1293.00,1040.00,1383.00
4.50,-3.66,-8.32,4.50,-3.66,-8.32,592.00,1569.00,1287.00,1038.00,1387.00
4.50,-3.66,-8.32,4.50,-3.66,-8.32,589.00,1567.00,1286.00,1040.00,1389.00
4.50,-3.66,-8.32,4.50,-3.66,-8.32,589.00,1578.00,1296.00,1040.00,1383.00
4.50,-3.66,-8.32,4.50,-3.66,-8.32,583.00,1577.00,1296.00,1041.00,1384.00
4.50,-3.66,-8.32,4.50,-3.66,-8.32,587.00,1573.00,1296.00,1040.00,1382.00